momentum_period,trailing_stop,pnl net,return,drawdown,total closed,won total,lost total,sharpe,sqn
1,0.03,-5693.980554574918,-0.0012266378036990668,6.334290308532033,105,23,82,-1.8360447842056615,-4.1689823752899215
1,0.05,-4188.650355370308,-0.0007852773863491602,5.212426564361088,44,7,37,-1.8864870530431432,-3.7416209633023105
1,0.07,-2206.733563060383,-0.000590449186609762,4.849961002303058,22,4,18,-1.8428117927990095,-1.8830799919518562
31,0.03,-2458.0571915376795,-0.0005391557117893963,3.3607148211590916,58,14,44,-2.6262520340212396,-2.3032752414392808
31,0.05,-1654.9274869564742,-0.00029195100977512866,3.7001723441632257,26,6,20,-2.442987387015658,-1.5965276853841606
31,0.07,-421.30871940937936,-8.627711697495186e-05,3.5988402408375717,13,3,10,-2.1207861771249803,-0.3365410187784348
